<?xml version="1.0" encoding="UTF-8"?>
<project-private xmlns="http://www.netbeans.org/ns/project-private/1">
    <editor-bookmarks xmlns="http://www.netbeans.org/ns/editor-bookmarks/2" lastBookmarkId="0"/>
    <open-files xmlns="http://www.netbeans.org/ns/projectui-open-files/2">
        <group>
            <file>file:/C:/xampp/htdocs/Proyecto_MesaAyuda/Control/ControlCargos.php</file>
            <file>file:/C:/xampp/htdocs/Proyecto_MesaAyuda/Vista/VistaCrudCargosEmpleados.php</file>
            <file>file:/C:/xampp/htdocs/Proyecto_MesaAyuda/Vista/VistaCrudAreas.php</file>
            <file>file:/C:/xampp/htdocs/Proyecto_MesaAyuda/Control/ControlEmpleados.php</file>
            <file>file:/C:/xampp/htdocs/Proyecto_MesaAyuda/Control/ControlRadicacion.php</file>
            <file>file:/C:/xampp/htdocs/Proyecto_MesaAyuda/Vista/VistaCrudAreasAux.php</file>
            <file>file:/C:/xampp/htdocs/Proyecto_MesaAyuda/Vista/VistaCrudEmpleadosAux.php</file>
            <file>file:/C:/xampp/htdocs/Proyecto_MesaAyuda/Control/ControlDetalleRequerimientos.php</file>
            <file>file:/C:/xampp/htdocs/Proyecto_MesaAyuda/Vista/VistaCrudCargosEmpleadosAux.php</file>
            <file>file:/C:/xampp/htdocs/Proyecto_MesaAyuda/Vista/VistaCrudEmpleados.php</file>
            <file>file:/C:/xampp/htdocs/Proyecto_MesaAyuda/Vista/VistaCrudCargosAux.php</file>
        </group>
    </open-files>
</project-private>
